                  epoch,         train/box_loss,         train/cls_loss,         train/dfl_loss,   metrics/precision(B),      metrics/recall(B),       metrics/mAP50(B),    metrics/mAP50-95(B),           val/box_loss,           val/cls_loss,           val/dfl_loss,                 lr/pg0,                 lr/pg1,                 lr/pg2
                      1,                 1.4222,                 3.9634,                 1.5762,                 0.6714,                0.18974,                0.21217,                0.13762,                0.96017,                 3.7071,                 1.2674,                7.5e-05,                7.5e-05,                7.5e-05
                      2,                0.92318,                  1.867,                 1.1901,                0.64993,                 0.8206,                0.72233,                0.54189,                0.77696,                  3.653,                 1.0324,              0.0001617,              0.0001617,              0.0001617
                      3,                0.83791,                  1.126,                 1.1095,                0.87191,                0.89641,                0.92087,                0.74339,                0.72771,                 1.9141,                0.96416,             0.00024753,             0.00024753,             0.00024753
                      4,                0.75985,                0.90162,                 1.0595,                0.86682,                0.79634,                 0.9003,                0.74724,                0.69884,                 1.3368,                0.94483,             0.00033249,             0.00033249,             0.00033249
                      5,                 0.7672,                0.84647,                 1.0513,                0.82713,                0.90795,                0.93303,                 0.7366,                0.79542,                 1.0828,                 1.0274,             0.00041659,             0.00041659,             0.00041659
                      6,                 0.7497,                0.82105,                  1.037,                0.81284,                0.84852,                0.88457,                0.68519,                0.85702,                 1.1495,                 1.1163,             0.00049982,             0.00049982,             0.00049982
                      7,                0.83165,                0.79089,                 1.0642,                0.85018,                0.87381,                0.90581,                0.71232,                0.87007,                0.94089,                 1.0747,             0.00058218,             0.00058218,             0.00058218
                      8,                0.73403,                0.71485,                 1.0078,                0.89709,                0.82692,                0.88304,                0.70532,                0.86839,                 1.1819,                 1.1048,             0.00066368,             0.00066368,             0.00066368
                      9,                0.78349,                0.72349,                 1.0548,                0.81773,                 0.8209,                0.87078,                0.66429,                0.94423,                 1.0811,                 1.1833,             0.00074431,             0.00074431,             0.00074431
                     10,                0.76371,                0.66964,                 1.0077,                0.75418,                0.80841,                0.83408,                0.60153,                 1.0599,                 1.3269,                 1.1928,             0.00082408,             0.00082408,             0.00082408
                     11,                0.77171,                 0.6757,                 1.0391,                0.85136,                0.76393,                0.83442,                 0.6564,                0.87247,                 1.2266,                 1.1331,             0.00090297,             0.00090297,             0.00090297
                     12,                0.73374,                 0.6191,                 1.0135,                0.79421,                0.69112,                0.82931,                0.61068,                 1.0071,                 1.5375,                 1.2726,             0.00098101,             0.00098101,             0.00098101
                     13,                0.82384,                0.69475,                 1.0787,                0.80249,                0.81163,                0.84642,                0.66624,                0.87371,                 1.1094,                 1.1793,              0.0010582,              0.0010582,              0.0010582
                     14,                0.78577,                0.66464,                 1.0231,                0.73712,                0.80879,                0.86581,                0.67888,                0.93667,                 1.3149,                 1.2835,              0.0011345,              0.0011345,              0.0011345
                     15,                0.77238,                0.64827,                 1.0399,                0.82546,                0.71604,                0.82482,                0.60797,                0.93671,                 1.1694,                 1.2314,              0.0011634,              0.0011634,              0.0011634
                     16,                0.78692,                0.64511,                 1.0339,                0.72967,                0.79846,                0.85028,                0.60927,                0.98291,                 1.2173,                 1.2333,              0.0011634,              0.0011634,              0.0011634
                     17,                0.74787,                0.61992,                 1.0561,                0.80575,                0.67827,                0.80912,                0.60547,                  1.003,                 1.3252,                 1.2396,              0.0011572,              0.0011572,              0.0011572
                     18,                0.80906,                 0.6265,                 1.0338,                0.77207,                0.72273,                0.79568,                0.59441,                 1.0384,                 1.4331,                  1.325,               0.001151,               0.001151,               0.001151
                     19,                0.75927,                0.62195,                 1.0578,                0.83773,                0.77285,                0.83482,                 0.6286,                 0.9621,                 1.1232,                 1.2386,              0.0011448,              0.0011448,              0.0011448
                     20,                0.76923,                 0.6277,                 1.0371,                0.78994,                0.85138,                0.91067,                0.67883,                0.92146,                0.89946,                 1.1731,              0.0011386,              0.0011386,              0.0011386
                     21,                0.75282,                0.58088,                 1.0192,                0.88737,                0.78601,                0.91519,                0.68411,                0.92854,                0.90166,                 1.1938,              0.0011324,              0.0011324,              0.0011324
                     22,                0.74087,                  0.595,                 1.0191,                0.86248,                0.82747,                0.91519,                0.70104,                0.87079,                0.86766,                 1.1418,              0.0011263,              0.0011263,              0.0011263
                     23,                0.69682,                0.56787,                 1.0204,                 0.8496,                 0.8408,                0.91297,                0.71075,                0.90334,                0.97988,                 1.0959,              0.0011201,              0.0011201,              0.0011201
                     24,                0.71576,                0.57805,                 1.0164,                0.91335,                0.83407,                0.89654,                0.66123,                0.97549,                0.91658,                 1.1465,              0.0011139,              0.0011139,              0.0011139
                     25,                0.69158,                0.55582,                 1.0133,                0.88828,                0.83225,                0.89386,                0.64635,                 0.9659,                0.93395,                 1.1604,              0.0011077,              0.0011077,              0.0011077
                     26,                 0.7529,                 0.5672,                 1.0207,                0.87817,                0.76095,                0.85631,                 0.6229,                 1.0485,                 1.2424,                 1.2658,              0.0011015,              0.0011015,              0.0011015
                     27,                0.70306,                0.55507,                 1.0175,                0.77988,                 0.7788,                0.84739,                0.63248,                0.95671,                  1.179,                 1.1978,              0.0010953,              0.0010953,              0.0010953
                     28,                0.71838,                0.56043,                0.99966,                0.77741,                0.82365,                0.83745,                0.64752,                0.92363,                 1.0462,                 1.0987,              0.0010891,              0.0010891,              0.0010891
                     29,                0.69819,                0.54234,                 1.0038,                0.79914,                0.81753,                 0.8413,                0.65288,                0.93541,                0.99027,                 1.0717,              0.0010829,              0.0010829,              0.0010829
                     30,                0.69627,                 0.5328,                 1.0083,                0.88056,                0.75623,                0.85515,                0.63632,                0.93189,                 1.0182,                 1.0952,              0.0010768,              0.0010768,              0.0010768
                     31,                0.71895,                0.53573,                 1.0053,                0.79197,                 0.8851,                0.88668,                0.65041,                0.95852,                0.90478,                  1.123,              0.0010706,              0.0010706,              0.0010706
                     32,                0.71656,                0.55227,                 1.0133,                0.89322,                0.81859,                0.89435,                0.69917,                0.90589,                0.78594,                 1.1233,              0.0010644,              0.0010644,              0.0010644
                     33,                0.67049,                0.50018,                0.98395,                0.90613,                0.84991,                0.91308,                0.71566,                0.88437,                 0.7326,                 1.1171,              0.0010582,              0.0010582,              0.0010582
                     34,                0.67096,                0.50848,                0.99521,                0.90444,                0.90262,                0.93141,                0.74252,                0.79494,                0.71083,                 1.0533,               0.001052,               0.001052,               0.001052
                     35,                0.67581,                0.52689,                0.98306,                0.90274,                0.87388,                0.92314,                0.71969,                0.78859,                0.67869,                 1.0348,              0.0010458,              0.0010458,              0.0010458
                     36,                 0.6455,                0.50631,                0.97908,                0.80622,                0.88175,                0.91619,                0.70085,                0.86578,                0.81518,                 1.0799,              0.0010396,              0.0010396,              0.0010396
                     37,                0.67622,                0.53035,                0.99439,                0.88218,                0.82061,                0.91644,                0.69026,                0.88016,                0.78511,                 1.1146,              0.0010334,              0.0010334,              0.0010334
                     38,                0.65478,                0.50919,                0.97428,                 0.8136,                0.83319,                0.89535,                0.67133,                0.93181,                  0.865,                 1.1369,              0.0010273,              0.0010273,              0.0010273
                     39,                0.66104,                0.52772,                0.97698,                0.87476,                0.86993,                0.90111,                0.69031,                0.88808,                0.83769,                 1.0772,              0.0010211,              0.0010211,              0.0010211
                     40,                0.65491,                0.51136,                 1.0071,                 0.8617,                0.85635,                0.91196,                0.68015,                0.92063,                0.83243,                 1.1058,              0.0010149,              0.0010149,              0.0010149
                     41,                0.63383,                0.50879,                0.99164,                0.85681,                0.87911,                 0.8915,                0.67605,                 0.9178,                0.87236,                 1.1167,              0.0010087,              0.0010087,              0.0010087
                     42,                0.66175,                 0.5101,                0.98843,                 0.9099,                0.86844,                0.90688,                0.68753,                0.90749,                0.87716,                 1.1078,              0.0010025,              0.0010025,              0.0010025
                     43,                0.66543,                0.52394,                   1.02,                0.95558,                0.85133,                0.91719,                0.72458,                0.82966,                0.75864,                 1.0654,             0.00099631,             0.00099631,             0.00099631
                     44,                0.62482,                0.47432,                 0.9702,                0.91029,                0.87307,                0.91683,                0.71516,                0.82698,                0.77271,                 1.0692,             0.00099013,             0.00099013,             0.00099013
                     45,                0.66074,                0.51646,                 1.0242,                0.93478,                0.84774,                0.91793,                0.72002,                 0.8085,                0.71626,                 1.0596,             0.00098394,             0.00098394,             0.00098394
                     46,                0.65141,                0.49707,                0.98648,                0.91845,                0.84303,                0.92022,                0.73376,                0.82198,                0.67204,                 1.0528,             0.00097775,             0.00097775,             0.00097775
                     47,                0.63588,                0.46558,                 0.9774,                 0.8967,                0.83464,                 0.9288,                0.74588,                0.79712,                 0.6988,                 1.0238,             0.00097156,             0.00097156,             0.00097156
                     48,                 0.6362,                0.49288,                0.98445,                0.87867,                0.85647,                0.92457,                0.72855,                 0.8056,                0.67402,                 1.0326,             0.00096537,             0.00096537,             0.00096537
                     49,                0.60146,                0.48268,                0.95425,                 0.9294,                 0.8398,                0.92279,                0.73729,                0.82011,                0.68462,                 1.0297,             0.00095919,             0.00095919,             0.00095919
                     50,                0.62886,                0.47735,                0.97835,                0.82638,                0.80695,                0.86054,                0.65794,                0.86759,                0.86944,                 1.0463,               0.000953,               0.000953,               0.000953
                     51,                0.61931,                0.46387,                0.98651,                0.84153,                0.89132,                0.92307,                0.72612,                0.84194,                0.75146,                 1.0335,             0.00094681,             0.00094681,             0.00094681
                     52,                 0.5936,                0.44244,                0.95773,                0.93161,                0.92525,                0.95113,                0.75507,                0.83643,                0.70357,                 1.0247,             0.00094062,             0.00094062,             0.00094062
                     53,                0.61953,                0.46104,                0.97994,                0.94852,                0.91712,                0.94887,                0.75917,                0.82721,                0.64944,                  1.019,             0.00093444,             0.00093444,             0.00093444
                     54,                0.63308,                0.47215,                0.95524,                0.93358,                0.93075,                0.95671,                0.74255,                0.83678,                0.64269,                 1.0363,             0.00092825,             0.00092825,             0.00092825
                     55,                0.59635,                0.44425,                  0.967,                0.93704,                0.90807,                0.94373,                0.73948,                 0.8137,                0.61351,                 1.0289,             0.00092206,             0.00092206,             0.00092206
                     56,                0.58146,                 0.4282,                0.93825,                0.96281,                0.88249,                 0.9321,                0.74638,                0.79927,                0.60884,                  1.019,             0.00091588,             0.00091588,             0.00091588
                     57,                0.59843,                 0.4358,                0.94675,                 0.9227,                0.88366,                0.93448,                0.73745,                0.78748,                0.61163,                 1.0156,             0.00090969,             0.00090969,             0.00090969
                     58,                0.58691,                0.43254,                0.96789,                0.91446,                0.88721,                0.93985,                0.74159,                 0.7938,                0.63885,                 1.0214,              0.0009035,              0.0009035,              0.0009035
                     59,                0.58905,                0.43906,                0.95721,                0.89485,                 0.8997,                0.92616,                0.71465,                 0.8113,                0.67246,                 1.0458,             0.00089731,             0.00089731,             0.00089731
                     60,                0.55661,                0.42085,                0.95239,                0.91156,                0.90531,                0.92171,                0.72042,                0.86379,                0.68721,                 1.0972,             0.00089112,             0.00089112,             0.00089112
                     61,                0.59818,                 0.4213,                0.96028,                 0.9331,                0.91366,                0.91561,                0.71468,                0.86072,                0.68703,                 1.1016,             0.00088494,             0.00088494,             0.00088494
                     62,                0.57171,                0.43435,                0.93375,                0.93698,                0.91033,                0.91272,                0.73578,                0.85795,                0.67116,                 1.0977,             0.00087875,             0.00087875,             0.00087875
                     63,                0.59369,                 0.4348,                0.94978,                0.92021,                0.92163,                0.94624,                0.74931,                0.84005,                0.62049,                 1.0817,             0.00087256,             0.00087256,             0.00087256
                     64,                0.56496,                0.42677,                0.94572,                0.94469,                0.92523,                0.95189,                0.76364,                0.82672,                0.61753,                 1.0794,             0.00086637,             0.00086637,             0.00086637
                     65,                0.56911,                0.42208,                0.94751,                0.93073,                 0.9257,                 0.9411,                 0.7615,                0.81525,                0.62598,                 1.0668,             0.00086019,             0.00086019,             0.00086019
                     66,                0.58954,                0.43426,                0.96077,                0.90259,                 0.8842,                0.93802,                0.73093,                0.84961,                0.64569,                 1.0722,               0.000854,               0.000854,               0.000854
                     67,                 0.5668,                0.44314,                0.95958,                0.85224,                0.94048,                0.93902,                0.74913,                0.77995,                0.62018,                  1.054,             0.00084781,             0.00084781,             0.00084781
                     68,                0.53573,                0.40759,                0.92706,                0.87895,                0.89465,                0.94122,                 0.7675,                0.75918,                0.61316,                 1.0112,             0.00084162,             0.00084162,             0.00084162
                     69,                0.53888,                0.41729,                0.94852,                0.85876,                0.93771,                0.93533,                0.75334,                 0.7737,                0.62842,                  1.008,             0.00083544,             0.00083544,             0.00083544
                     70,                0.55921,                0.41094,                0.95061,                0.90576,                0.91594,                0.92924,                0.75235,                0.76056,                0.64722,                0.99355,             0.00082925,             0.00082925,             0.00082925
                     71,                0.54273,                 0.4067,                0.93651,                 0.8749,                0.94096,                0.93228,                0.76389,                0.74303,                 0.6293,                0.98064,             0.00082306,             0.00082306,             0.00082306
                     72,                 0.5405,                0.39565,                0.93889,                0.88213,                0.92703,                0.92832,                0.76674,                0.74622,                0.63962,                 0.9808,             0.00081688,             0.00081688,             0.00081688
                     73,                0.52379,                0.39176,                0.91025,                0.88435,                0.90596,                0.92724,                0.78492,                0.73293,                0.63868,                0.98389,             0.00081069,             0.00081069,             0.00081069
                     74,                0.53072,                0.40659,                 0.9201,                0.87892,                0.91728,                0.92206,                0.75922,                0.77499,                0.71884,                 1.0222,              0.0008045,              0.0008045,              0.0008045
                     75,                0.56157,                0.39915,                0.94824,                0.91756,                0.86125,                0.93269,                0.76285,                0.77038,                0.67761,                 1.0128,             0.00079831,             0.00079831,             0.00079831
                     76,                0.53338,                0.39932,                0.93746,                0.88995,                0.91207,                0.93341,                0.77796,                0.72973,                0.61043,                0.96451,             0.00079213,             0.00079213,             0.00079213
                     77,                0.53176,                0.38863,                0.94601,                0.89546,                0.90907,                0.93211,                 0.7773,                0.72927,                0.58516,                0.96746,             0.00078594,             0.00078594,             0.00078594
                     78,                0.50716,                0.38382,                0.94179,                0.90715,                0.90526,                0.93459,                0.78128,                0.75871,                0.57187,                0.98697,             0.00077975,             0.00077975,             0.00077975
                     79,                0.53169,                 0.4061,                0.92644,                0.88644,                0.92577,                0.94622,                0.76643,                0.76945,                0.57161,                0.98103,             0.00077356,             0.00077356,             0.00077356
                     80,                0.51057,                0.37474,                 0.9318,                0.87237,                0.92878,                0.93815,                0.76312,                 0.7605,                 0.5913,                0.98939,             0.00076738,             0.00076738,             0.00076738
                     81,                0.53015,                0.38671,                0.93413,                0.87394,                0.92493,                0.91855,                0.74158,                0.76005,                0.60619,                0.98347,             0.00076119,             0.00076119,             0.00076119
                     82,                0.52418,                  0.381,                0.92002,                0.89178,                  0.931,                0.91664,                0.75397,                0.77907,                0.62618,                 0.9866,               0.000755,               0.000755,               0.000755
                     83,                0.51074,                0.37877,                0.92262,                0.92858,                0.90832,                0.93318,                0.76721,                0.76459,                0.61835,                0.98603,             0.00074881,             0.00074881,             0.00074881
                     84,                0.48259,                0.36311,                0.90729,                0.92899,                0.90606,                 0.9304,                0.75605,                0.77327,                0.61829,                 1.0026,             0.00074263,             0.00074263,             0.00074263
                     85,                0.47973,                0.38211,                0.92414,                0.90554,                  0.931,                 0.9295,                 0.7511,                0.76938,                0.61708,                 1.0016,             0.00073644,             0.00073644,             0.00073644
                     86,                0.50286,                0.36228,                0.92591,                0.93071,                0.92693,                0.93149,                0.75695,                0.75472,                0.57816,                0.97239,             0.00073025,             0.00073025,             0.00073025
                     87,                0.49464,                0.35764,                0.91383,                0.93899,                0.90863,                0.92412,                0.77707,                0.70407,                0.56839,                0.95356,             0.00072406,             0.00072406,             0.00072406
                     88,                0.50622,                0.37505,                0.92217,                0.94285,                0.90507,                0.92242,                0.76942,                0.71017,                0.60936,                0.96357,             0.00071788,             0.00071788,             0.00071788
                     89,                0.46948,                0.34969,                0.90256,                0.94647,                0.90578,                0.92282,                0.77291,                0.71098,                0.61182,                0.96402,             0.00071169,             0.00071169,             0.00071169
                     90,                0.50736,                0.37297,                0.93068,                0.94512,                0.90877,                0.92858,                0.78008,                0.70922,                0.61035,                0.96944,              0.0007055,              0.0007055,              0.0007055
                     91,                0.50313,                0.37051,                0.92447,                0.93586,                0.91571,                0.93235,                0.78197,                0.72568,                0.57797,                0.97699,             0.00069931,             0.00069931,             0.00069931
                     92,                0.50766,                  0.378,                0.92681,                0.93024,                0.92906,                0.93879,                0.78301,                0.72677,                0.55315,                0.97526,             0.00069313,             0.00069313,             0.00069313
                     93,                0.50379,                0.37341,                0.91575,                0.95835,                0.91693,                0.94016,                0.78112,                0.71053,                0.55705,                0.96672,             0.00068694,             0.00068694,             0.00068694
                     94,                0.49676,                0.36972,                0.92477,                0.96291,                0.91578,                 0.9438,                0.78326,                0.72189,                0.55809,                0.97192,             0.00068075,             0.00068075,             0.00068075
                     95,                0.49278,                0.36513,                0.91309,                0.95714,                0.90613,                0.94804,                0.79072,                0.72816,                 0.5726,                0.97029,             0.00067456,             0.00067456,             0.00067456
                     96,                0.50418,                 0.3542,                0.93905,                0.88866,                0.95425,                0.94811,                0.77616,                0.73942,                0.54753,                0.99349,             0.00066838,             0.00066838,             0.00066838
                     97,                0.46232,                0.33717,                0.90606,                0.93836,                 0.9143,                0.95294,                0.77374,                0.75411,                0.55865,                 1.0112,             0.00066219,             0.00066219,             0.00066219
                     98,                0.49057,                0.35695,                0.92717,                0.92052,                0.93158,                0.95093,                0.77385,                0.79175,                0.56364,                  1.034,               0.000656,               0.000656,               0.000656
                     99,                0.44997,                0.34452,                0.92025,                0.95314,                 0.9074,                 0.9532,                0.78315,                0.78276,                0.56407,                 1.0114,             0.00064981,             0.00064981,             0.00064981
                    100,                0.47781,                0.36849,                0.90549,                0.91477,                0.94608,                0.95554,                0.76704,                0.78843,                0.54394,                 1.0085,             0.00064362,             0.00064362,             0.00064362
                    101,                0.47405,                0.34334,                0.90439,                0.94075,                0.91585,                0.95742,                0.76739,                0.77616,                0.55268,                 1.0027,             0.00063744,             0.00063744,             0.00063744
                    102,                0.51121,                0.36193,                0.92556,                0.90605,                0.90949,                 0.9514,                0.75946,                0.78268,                0.64067,                 1.0028,             0.00063125,             0.00063125,             0.00063125
                    103,                0.45106,                0.33665,                0.91348,                0.89609,                0.87431,                0.92844,                0.76755,                0.78574,                0.68877,                0.99252,             0.00062506,             0.00062506,             0.00062506
                    104,                0.45031,                0.35089,                0.89412,                 0.9419,                 0.8422,                0.92694,                0.77305,                 0.7614,                0.73866,                0.98433,             0.00061887,             0.00061887,             0.00061887
                    105,                0.48527,                0.36232,                0.91957,                0.92913,                0.86149,                0.92113,                0.76816,                0.75494,                 0.7531,                0.97934,             0.00061269,             0.00061269,             0.00061269
                    106,                0.44495,                0.34385,                0.91276,                0.91489,                0.86862,                0.92533,                0.76787,                0.76958,                0.71683,                0.97843,              0.0006065,              0.0006065,              0.0006065
                    107,                0.46166,                 0.3492,                0.90328,                0.90285,                0.88879,                0.93396,                0.76601,                0.75409,                0.65858,                0.96395,             0.00060031,             0.00060031,             0.00060031
                    108,                0.44967,                0.33035,                0.89827,                0.93302,                0.90132,                 0.9351,                0.77426,                0.74258,                0.62363,                0.96055,             0.00059413,             0.00059413,             0.00059413
                    109,                0.44703,                0.33978,                0.90361,                0.92943,                0.90594,                0.93108,                0.77091,                0.74808,                0.61031,                0.96789,             0.00058794,             0.00058794,             0.00058794
                    110,                 0.4466,                0.33708,                0.91173,                0.91067,                0.91954,                0.93604,                 0.7752,                0.75094,                0.58756,                0.98798,             0.00058175,             0.00058175,             0.00058175
                    111,                0.44882,                0.34221,                 0.8985,                0.90379,                0.92313,                0.93935,                 0.7835,                 0.7439,                0.57358,                0.99186,             0.00057556,             0.00057556,             0.00057556
                    112,                0.44126,                0.33248,                0.89489,                0.93575,                0.87828,                0.93647,                0.78923,                0.73404,                0.58556,                0.98209,             0.00056938,             0.00056938,             0.00056938
                    113,                0.42624,                0.32275,                0.89769,                0.96847,                0.86486,                0.93764,                0.79019,                 0.7156,                0.54506,                0.96723,             0.00056319,             0.00056319,             0.00056319
                    114,                0.45241,                 0.3476,                0.91124,                0.94174,                0.88593,                0.93394,                0.78432,                0.72829,                0.55527,                0.97498,               0.000557,               0.000557,               0.000557
                    115,                0.44308,                 0.3434,                0.89889,                0.90319,                0.91898,                0.93106,                0.76089,                0.73734,                0.58226,                0.96741,             0.00055081,             0.00055081,             0.00055081
                    116,                0.42549,                0.32546,                 0.8986,                0.90451,                0.90522,                0.92293,                0.76202,                0.74076,                0.62271,                0.96516,             0.00054463,             0.00054463,             0.00054463
                    117,                 0.4366,                0.31961,                0.89198,                0.90903,                0.91177,                 0.9206,                0.75932,                0.74193,                0.62409,                 0.9637,             0.00053844,             0.00053844,             0.00053844
                    118,                0.41844,                 0.3184,                0.89781,                0.93646,                0.90011,                0.92418,                0.76725,                0.73945,                0.62801,                0.96164,             0.00053225,             0.00053225,             0.00053225
                    119,                0.42054,                0.31646,                 0.9129,                0.93687,                0.87841,                0.92896,                0.77379,                0.73107,                0.60642,                0.94967,             0.00052606,             0.00052606,             0.00052606
                    120,                0.42166,                 0.3217,                0.88116,                0.95694,                 0.8707,                0.93077,                0.79289,                  0.723,                0.61529,                0.95236,             0.00051988,             0.00051988,             0.00051988
                    121,                0.42504,                 0.3111,                0.88991,                0.93523,                0.89023,                0.92994,                0.79517,                0.71827,                0.61358,                0.95147,             0.00051369,             0.00051369,             0.00051369
                    122,                0.42608,                0.31755,                0.89134,                0.97053,                 0.8562,                0.94475,                0.80692,                0.70451,                0.58346,                0.94041,              0.0005075,              0.0005075,              0.0005075
                    123,                0.40055,                0.30393,                 0.8957,                0.93064,                 0.9452,                0.95582,                0.80952,                0.70488,                0.52987,                0.93903,             0.00050131,             0.00050131,             0.00050131
                    124,                0.41867,                0.30995,                0.89407,                0.93582,                0.93437,                0.95755,                0.80588,                0.71441,                0.51765,                 0.9439,             0.00049513,             0.00049513,             0.00049513
                    125,                0.43106,                0.32552,                0.89461,                0.93652,                0.93374,                0.95408,                0.80959,                0.71183,                0.50259,                0.94305,             0.00048894,             0.00048894,             0.00048894
                    126,                0.41265,                0.30473,                0.88428,                0.95588,                0.91308,                0.95473,                 0.8007,                0.71585,                0.49863,                0.94842,             0.00048275,             0.00048275,             0.00048275
                    127,                 0.4202,                0.30903,                 0.8985,                0.94652,                0.92337,                0.95501,                0.79498,                0.72521,                0.49909,                 0.9561,             0.00047656,             0.00047656,             0.00047656
                    128,                0.39557,                0.29651,                 0.8919,                 0.9552,                0.92758,                0.95901,                0.80169,                0.72619,                0.49629,                0.94807,             0.00047038,             0.00047038,             0.00047038
                    129,                0.38896,                0.29937,                0.87556,                0.93923,                  0.931,                0.95943,                0.80576,                0.72711,                0.50368,                0.95277,             0.00046419,             0.00046419,             0.00046419
                    130,                 0.3934,                0.29666,                0.87771,                0.92828,                0.92346,                0.94712,                0.78908,                0.71425,                0.47825,                0.94511,               0.000458,               0.000458,               0.000458
                    131,                0.41156,                0.30609,                0.88701,                0.91949,                0.93391,                0.96156,                0.79649,                0.69923,                0.49154,                0.93762,             0.00045181,             0.00045181,             0.00045181
                    132,                0.39494,                  0.311,                0.88702,                0.93009,                0.92029,                0.95648,                0.79252,                0.69615,                0.48539,                0.94002,             0.00044563,             0.00044563,             0.00044563
                    133,                0.38847,                0.29101,                0.87993,                0.93079,                 0.9207,                0.95855,                0.80286,                0.69365,                0.48325,                0.94032,             0.00043944,             0.00043944,             0.00043944
                    134,                0.42444,                0.32178,                0.88717,                0.92544,                 0.9375,                0.95824,                0.80781,                0.70471,                0.48454,                 0.9435,             0.00043325,             0.00043325,             0.00043325
                    135,                0.39711,                0.30203,                0.88472,                0.92597,                0.92849,                0.96128,                0.81203,                0.69987,                  0.472,                0.93914,             0.00042706,             0.00042706,             0.00042706
                    136,                0.42263,                0.31299,                0.89776,                0.93175,                0.92931,                0.95988,                0.79945,                0.70587,                0.49109,                0.94677,             0.00042087,             0.00042087,             0.00042087
                    137,                0.39759,                0.30282,                0.86815,                0.93133,                0.93139,                0.95972,                0.79792,                0.71404,                0.49595,                0.95057,             0.00041469,             0.00041469,             0.00041469
                    138,                0.39325,                0.29791,                0.88021,                0.94442,                0.92782,                0.96206,                 0.8047,                0.70798,                0.51592,                0.94497,              0.0004085,              0.0004085,              0.0004085
                    139,                0.39166,                 0.3036,                 0.8787,                 0.9507,                0.93195,                0.96238,                0.80119,                0.71149,                0.52895,                0.94366,             0.00040231,             0.00040231,             0.00040231
                    140,                0.38462,                0.28178,                0.88577,                0.95069,                0.93323,                0.95615,                0.79838,                0.73359,                0.54158,                 0.9423,             0.00039613,             0.00039613,             0.00039613
                    141,                0.40934,                0.30765,                0.88989,                0.93522,                  0.933,                0.95589,                0.80425,                0.74355,                0.54909,                0.94303,             0.00038994,             0.00038994,             0.00038994
                    142,                0.40876,                 0.2995,                0.89558,                0.95668,                0.92065,                0.95186,                0.79987,                0.73008,                0.52929,                0.93831,             0.00038375,             0.00038375,             0.00038375
                    143,                0.40233,                0.30875,                0.87182,                0.94581,                0.93132,                 0.9556,                0.79991,                0.72446,                0.50736,                0.95464,             0.00037756,             0.00037756,             0.00037756
                    144,                0.41147,                0.29463,                0.90855,                0.95516,                0.93234,                0.95801,                0.78396,                0.71194,                 0.5166,                0.95768,             0.00037138,             0.00037138,             0.00037138
                    145,                0.39123,                0.29739,                0.89048,                0.95006,                0.93236,                0.95568,                0.79111,                0.71014,                0.52019,                   0.96,             0.00036519,             0.00036519,             0.00036519
                    146,                0.36739,                0.27722,                0.87092,                0.93433,                0.92896,                0.95697,                0.79836,                0.71127,                0.51356,                0.96672,               0.000359,               0.000359,               0.000359
                    147,                0.37246,                 0.2886,                0.87917,                0.93241,                0.93899,                 0.9552,                0.79602,                0.72759,                0.53489,                0.97785,             0.00035281,             0.00035281,             0.00035281
                    148,                 0.3684,                0.28403,                0.85803,                0.92656,                  0.939,                 0.9519,                0.79924,                0.71139,                0.54617,                0.96969,             0.00034663,             0.00034663,             0.00034663
                    149,                0.35902,                 0.2795,                0.87525,                0.92584,                0.94064,                0.95058,                 0.7954,                0.71333,                0.54424,                0.96808,             0.00034044,             0.00034044,             0.00034044
                    150,                0.38753,                0.28832,                0.89251,                 0.9284,                0.93797,                0.94812,                0.79521,                0.73385,                0.52768,                0.97281,             0.00033425,             0.00033425,             0.00033425
                    151,                0.37693,                0.28339,                0.87312,                0.93299,                0.93548,                0.95026,                0.79654,                0.73661,                0.52537,                0.96711,             0.00032806,             0.00032806,             0.00032806
                    152,                0.36541,                0.27945,                0.87261,                0.94786,                0.93553,                0.95151,                  0.795,                0.72631,                0.50759,                0.96156,             0.00032188,             0.00032188,             0.00032188
                    153,                0.36109,                0.27161,                0.87183,                0.95071,                0.93532,                0.95148,                0.79828,                0.71571,                0.52228,                0.96129,             0.00031569,             0.00031569,             0.00031569
                    154,                0.35665,                0.26731,                0.87964,                 0.9507,                0.93642,                0.95814,                0.80264,                0.71859,                0.53004,                0.96772,              0.0003095,              0.0003095,              0.0003095
                    155,                0.36533,                0.28253,                0.87844,                0.95199,                0.93902,                0.96096,                0.80303,                0.72743,                0.50456,                0.96836,             0.00030331,             0.00030331,             0.00030331
                    156,                0.36613,                0.28385,                0.89439,                0.95137,                0.93802,                0.95863,                0.80703,                0.72766,                0.49973,                 0.9634,             0.00029713,             0.00029713,             0.00029713
                    157,                0.34449,                0.26098,                0.86665,                0.95077,                0.93755,                0.96025,                0.80261,                0.72204,                0.48936,                0.96008,             0.00029094,             0.00029094,             0.00029094
                    158,                0.34251,                0.26019,                0.86529,                0.94264,                 0.9396,                0.95875,                0.80706,                0.70605,                0.47504,                0.94235,             0.00028475,             0.00028475,             0.00028475
                    159,                0.35427,                0.26589,                0.87688,                0.93981,                0.94226,                0.95497,                0.79869,                 0.6989,                0.46603,                0.93218,             0.00027856,             0.00027856,             0.00027856
                    160,                0.33526,                 0.2623,                0.88065,                0.93827,                0.94022,                0.95315,                0.79355,                0.69616,                 0.4758,                0.93157,             0.00027237,             0.00027237,             0.00027237
                    161,                0.34861,                0.26069,                0.89487,                0.93823,                0.93716,                0.95168,                0.79751,                0.69457,                0.47772,                0.92841,             0.00026619,             0.00026619,             0.00026619
                    162,                0.34274,                0.25838,                0.87236,                0.93615,                0.93299,                0.95836,                0.80318,                0.69267,                0.49427,                0.92416,                0.00026,                0.00026,                0.00026
                    163,                0.35576,                0.26724,                0.87709,                0.92398,                0.93391,                0.96088,                0.80968,                0.69963,                0.50093,                0.92527,             0.00025381,             0.00025381,             0.00025381
                    164,                0.36406,                0.28014,                0.87063,                0.91427,                0.92463,                0.95995,                0.81789,                0.72439,                0.49915,                0.94472,             0.00024762,             0.00024762,             0.00024762
                    165,                0.34982,                0.27541,                0.87918,                0.94672,                0.89174,                0.95594,                0.80644,                0.72627,                0.50546,                0.94606,             0.00024144,             0.00024144,             0.00024144
                    166,                0.34751,                0.26849,                0.86726,                 0.9514,                0.89262,                  0.954,                 0.8101,                0.71876,                0.51913,                0.93727,             0.00023525,             0.00023525,             0.00023525
                    167,                0.35408,                0.27261,                0.87259,                0.95568,                0.89281,                0.95496,                0.80973,                  0.714,                0.52658,                0.93337,             0.00022906,             0.00022906,             0.00022906
                    168,                0.33383,                0.26654,                0.87913,                 0.9418,                 0.8998,                0.95087,                   0.81,                0.71129,                0.52287,                0.92717,             0.00022288,             0.00022288,             0.00022288
                    169,                0.34838,                0.26434,                0.87484,                 0.9433,                0.90297,                0.95053,                0.80782,                  0.712,                0.51999,                0.92798,             0.00021669,             0.00021669,             0.00021669
                    170,                0.33987,                0.25781,                0.86032,                0.94826,                0.90049,                0.95176,                0.80408,                0.71404,                0.51162,                0.92904,              0.0002105,              0.0002105,              0.0002105
                    171,                0.33803,                0.25594,                0.86236,                0.94812,                0.90457,                0.95883,                0.81153,                0.70674,                0.51127,                0.92928,             0.00020431,             0.00020431,             0.00020431
                    172,                0.32772,                0.25285,                0.86281,                0.97008,                0.89645,                0.95983,                0.81689,                 0.7074,                0.52009,                0.93739,             0.00019813,             0.00019813,             0.00019813
                    173,                0.33554,                0.25186,                0.87638,                0.97143,                0.89526,                0.95947,                0.82031,                0.70752,                0.52716,                0.93636,             0.00019194,             0.00019194,             0.00019194
                    174,                0.33397,                0.25538,                0.85938,                0.96206,                0.89356,                 0.9557,                0.81674,                0.70459,                0.52413,                 0.9313,             0.00018575,             0.00018575,             0.00018575
                    175,                0.33329,                0.25268,                0.86687,                0.96432,                 0.8923,                0.95437,                0.81659,                0.70872,                0.52357,                 0.9359,             0.00017956,             0.00017956,             0.00017956
                    176,                0.31853,                0.25154,                0.86131,                0.97389,                0.89267,                0.95457,                0.81857,                0.70228,                0.51008,                0.93829,             0.00017338,             0.00017338,             0.00017338
                    177,                0.31504,                0.24552,                0.85909,                0.97334,                0.89317,                0.95465,                0.81739,                0.70144,                 0.5135,                0.93886,             0.00016719,             0.00016719,             0.00016719
                    178,                0.30944,                0.24255,                0.86351,                0.96702,                 0.8945,                  0.956,                0.82062,                0.69938,                0.50531,                0.95103,               0.000161,               0.000161,               0.000161
                    179,                0.29679,                 0.2391,                0.86641,                0.96225,                 0.9014,                0.95614,                0.81586,                0.69178,                0.50098,                0.94435,             0.00015481,             0.00015481,             0.00015481
                    180,                0.30621,                 0.2375,                0.86596,                0.93239,                0.93278,                0.95417,                0.81456,                0.69152,                 0.4959,                0.94962,             0.00014862,             0.00014862,             0.00014862
                    181,                0.29874,                0.23706,                0.86567,                0.92166,                0.93335,                0.95109,                0.81527,                0.68838,                0.49505,                0.94936,             0.00014244,             0.00014244,             0.00014244
                    182,                0.30047,                0.24828,                0.86672,                0.94463,                0.91733,                0.95737,                0.81651,                 0.6927,                0.49137,                0.95363,             0.00013625,             0.00013625,             0.00013625
                    183,                0.30898,                0.24334,                0.85663,                0.95032,                0.90357,                0.95776,                0.81961,                0.69936,                0.48472,                0.95458,             0.00013006,             0.00013006,             0.00013006
                    184,                0.30791,                0.23928,                0.85494,                0.94829,                0.90454,                0.95734,                0.81768,                0.69491,                0.48327,                0.95187,             0.00012387,             0.00012387,             0.00012387
                    185,                0.31361,                0.25094,                0.86262,                0.94832,                0.90466,                0.95836,                0.82099,                0.68588,                0.48773,                   0.95,             0.00011769,             0.00011769,             0.00011769
                    186,                0.31209,                0.23757,                0.86249,                0.94754,                0.90437,                0.95721,                 0.8238,                0.68475,                0.49214,                0.95101,              0.0001115,              0.0001115,              0.0001115
                    187,                 0.2972,                0.24031,                0.86229,                0.94776,                0.90343,                0.95581,                0.82187,                0.68529,                0.49185,                0.95231,             0.00010531,             0.00010531,             0.00010531
                    188,                0.30795,                0.24698,                0.86806,                0.94843,                0.90309,                0.95489,                 0.8226,                0.68612,                0.48819,                0.95222,             9.9125e-05,             9.9125e-05,             9.9125e-05
                    189,                0.30762,                0.23635,                0.84626,                0.94832,                0.90338,                0.95662,                0.82146,                 0.6873,                0.49181,                0.95351,             9.2937e-05,             9.2937e-05,             9.2937e-05
                    190,                0.30679,                0.24647,                0.87201,                0.93927,                0.91715,                0.95628,                0.82085,                0.69048,                0.50023,                0.95242,              8.675e-05,              8.675e-05,              8.675e-05
                    191,                0.29964,                0.23741,                0.80952,                0.93164,                0.92443,                0.95511,                0.81373,                0.69866,                0.50559,                0.95606,             8.0563e-05,             8.0563e-05,             8.0563e-05
                    192,                0.29739,                0.23808,                0.83329,                0.94737,                0.90482,                0.95305,                0.81199,                0.69217,                0.50355,                0.95338,             7.4375e-05,             7.4375e-05,             7.4375e-05
                    193,                0.29967,                0.23574,                0.80972,                0.94463,                0.90535,                0.94997,                0.80828,                0.68858,                0.50249,                0.95284,             6.8188e-05,             6.8188e-05,             6.8188e-05
                    194,                0.29251,                0.23111,                0.82415,                0.94282,                0.90597,                0.94755,                0.80141,                0.69083,                0.50702,                0.95397,                6.2e-05,                6.2e-05,                6.2e-05
                    195,                0.27723,                0.21855,                 0.8168,                0.94219,                0.90613,                0.94611,                0.80138,                0.68878,                0.50388,                0.95364,             5.5813e-05,             5.5813e-05,             5.5813e-05
                    196,                0.29407,                0.22399,                0.81621,                0.93898,                0.90496,                0.94502,                0.80407,                0.69026,                0.50711,                0.95382,             4.9625e-05,             4.9625e-05,             4.9625e-05
                    197,                0.29184,                0.23317,                0.82687,                0.93852,                0.90507,                0.94659,                0.80356,                 0.6902,                0.51093,                0.95478,             4.3438e-05,             4.3438e-05,             4.3438e-05
                    198,                0.26933,                0.22372,                0.80193,                0.93826,                0.90512,                0.94625,                0.80642,                 0.6896,                0.51155,                 0.9558,              3.725e-05,              3.725e-05,              3.725e-05
                    199,                0.26596,                  0.213,                0.81316,                0.93831,                0.90535,                0.94555,                0.80564,                0.69012,                0.51749,                0.95863,             3.1063e-05,             3.1063e-05,             3.1063e-05
                    200,                0.26751,                0.21218,                0.81746,                0.93878,                0.90541,                0.94548,                0.80779,                0.68781,                0.51376,                0.95831,             2.4875e-05,             2.4875e-05,             2.4875e-05
